{
  "an-error-ocurred": "An error ocurred, plyz try again",
  "unavailable-game-type-by-year": "Unfortunately, he have not enough info about {localizedKind} in the year {year}. Try again with other combination.",
  "unavailable-game-type": "Unfortunately, he have not enough info about {localizedKind}. Try again with other combination.",
  "geo-geeks-gather": "Geo geeks around the world, behold!",
  "try-your-luck": "Some people rely on knowledge. Others, on sheer luck. What is your case?",
  "order-by": "Order by...",
  "i-think-im-ready": "I think I'm ready!",
  "guess-me-if-you-can": "Guess me if you can!",
  "ordered-by": "Ordered by: {kindAndYear}",
  "countries": {
    "kinds": {
      "alphabetical": "alphabetical",
      "gdpPerCapita": "GDP per capita",
      "happiness": "happiness",
      "hdi": "HDI",
      "landArea": "land area",
      "lifeExpectancy": "life expectancy",
      "violence": "violence"
    },
    "countries-by-code": {
      "CXR": "Christmas Island",
      "CCK": "Cocos (Keeling) Islands//Cocos Islands//Keeling Islands",
      "NFK": "Norfolk Island",
      "HKG": "Hong Kong",
      "MAC": "Macao//Macau",
      "FRO": "Faroe Islands",
      "GRL": "Greenland",
      "GUF": "French Guiana",
      "PYF": "French Polynesia",
      "NCL": "New Caledonia",
      "BLM": "Saint Barthélemy",
      "MAF": "Saint Martin",
      "SPM": "Saint Pierre and Miquelon",
      "WLF": "Wallis and Futuna",
      "GLP": "Guadeloupe",
      "MTQ": "Martinique",
      "MYT": "Mayotte",
      "ABW": "Aruba",
      "BES": "Bonaire, Sint Eustatius and Saba//Bonaire//Sint Eustatius//Saba",
      "CUW": "Curacao//Curaçao",
      "SXM": "Sint Maarten",
      "COK": "Cook Islands",
      "NIU": "Niue",
      "TKL": "Tokelau",
      "AIA": "Anguilla",
      "BMU": "Bermuda",
      "VGB": "British Virgin Islands",
      "CYM": "Cayman Islands",
      "FLK": "Falkland Islands//Malvinas",
      "GIB": "Gibraltar",
      "GGY": "Guernsey",
      "IMN": "Isle of Man",
      "JEY": "Jersey",
      "MSR": "Montserrat",
      "PCN": "Pitcairn Islands//Pitcairn",
      "SHN": "Saint Helena, Ascension and Tristan da Cunha//Ascension//Saint Helena//Tristan da Cunha",
      "TCA": "Turks and Caicos Islands",
      "ASM": "American Samoa",
      "GUM": "Guam",
      "MNP": "Northern Mariana Islands",
      "PRI": "Puerto Rico",
      "VIR": "U.S. Virgin Islands//U.S.A. Virgin Islands//US Virgin Islands//USA Virgin Islands",
      "QZA": "Abkhazia",
      "AFG": "Afghanistan",
      "ALB": "Albania",
      "DZA": "Algeria",
      "AND": "Andorra",
      "AGO": "Angola",
      "ATG": "Antigua and Barbuda",
      "ARG": "Argentina",
      "ARM": "Armenia",
      "AUS": "Australia",
      "AUT": "Austria",
      "AZE": "Azerbaijan",
      "BHS": "Bahamas",
      "BHR": "Bahrain",
      "BGD": "Bangladesh",
      "BRB": "Barbados",
      "BLR": "Belarus",
      "BEL": "Belgium",
      "BLZ": "Belize",
      "BEN": "Benin",
      "BTN": "Bhutan",
      "BOL": "Bolivia",
      "BIH": "Bosnia and Herzegovina",
      "BWA": "Botswana",
      "BRA": "Brazil",
      "BRN": "Brunei//Brunei Darussalam",
      "BGR": "Bulgaria",
      "BFA": "Burkina Faso",
      "BDI": "Burundi",
      "KHM": "Cambodia",
      "CMR": "Cameroon",
      "CAN": "Canada",
      "CPV": "Cape Verde//Cabo Verde",
      "CAF": "Central African Republic",
      "TCD": "Chad",
      "CHL": "Chile",
      "CHN": "China",
      "COL": "Colombia",
      "COM": "Comoros",
      "COG": "Congo//Republic of the Congo//Republic of Congo",
      "CRI": "Costa Rica",
      "CIV": "Cote d'Ivoire//Ivory Coast",
      "HRV": "Croatia",
      "CUB": "Cuba",
      "CYP": "Cyprus",
      "CZE": "Czechia//Czech Republic",
      "COD": "Democratic Republic of the Congo//Democratic Republic of Congo",
      "DNK": "Denmark",
      "DJI": "Djibouti",
      "DMA": "Dominica",
      "DOM": "Dominican Republic",
      "TLS": "East Timor//Timor-Leste",
      "ECU": "Ecuador",
      "EGY": "Egypt",
      "SLV": "El Salvador",
      "GNQ": "Equatorial Guinea",
      "ERI": "Eritrea",
      "EST": "Estonia",
      "SWZ": "Eswatini",
      "ETH": "Ethiopia",
      "FJI": "Fiji",
      "FIN": "Finland",
      "FRA": "France",
      "GAB": "Gabon",
      "GMB": "Gambia",
      "QZG": "Gaza",
      "GEO": "Georgia",
      "DEU": "Germany",
      "GHA": "Ghana",
      "GRC": "Greece",
      "GRD": "Grenada",
      "GTM": "Guatemala",
      "GIN": "Guinea",
      "GNB": "Guinea-Bissau",
      "GUY": "Guyana",
      "HTI": "Haiti",
      "HND": "Honduras",
      "HUN": "Hungary",
      "ISL": "Iceland",
      "IND": "India",
      "IDN": "Indonesia",
      "IRN": "Iran",
      "IRQ": "Iraq",
      "IRL": "Ireland",
      "ISR": "Israel",
      "ITA": "Italy",
      "JAM": "Jamaica",
      "JPN": "Japan",
      "JOR": "Jordan",
      "KAZ": "Kazakhstan",
      "KEN": "Kenya",
      "KIR": "Kiribati",
      "QSV": "Kosovo",
      "KWT": "Kuwait",
      "KGZ": "Kyrgyzstan",
      "LAO": "Laos//Lao",
      "LVA": "Latvia",
      "LBN": "Lebanon",
      "LSO": "Lesotho",
      "LBR": "Liberia",
      "LBY": "Libya",
      "LIE": "Liechtenstein",
      "LTU": "Lithuania",
      "LUX": "Luxembourg",
      "MDG": "Madagascar",
      "MWI": "Malawi",
      "MYS": "Malaysia",
      "MDV": "Maldives",
      "MLI": "Mali",
      "MLT": "Malta",
      "MHL": "Marshall Islands",
      "MRT": "Mauritania",
      "MUS": "Mauritius",
      "MEX": "Mexico",
      "FSM": "Micronesia",
      "MDA": "Moldova",
      "MCO": "Monaco",
      "MNG": "Mongolia",
      "MNE": "Montenegro",
      "MAR": "Morocco",
      "MOZ": "Mozambique",
      "MMR": "Myanmar",
      "NAM": "Namibia",
      "NRU": "Nauru",
      "NPL": "Nepal",
      "NLD": "Netherlands",
      "NZL": "New Zealand",
      "NIC": "Nicaragua",
      "NER": "Niger",
      "NGA": "Nigeria",
      "PRK": "North Korea",
      "MKD": "North Macedonia",
      "NOR": "Norway",
      "OMN": "Oman",
      "PAK": "Pakistan",
      "PLW": "Palau",
      "PSE": "Palestine",
      "PAN": "Panama",
      "PNG": "Papua New Guinea",
      "PRY": "Paraguay",
      "PER": "Peru",
      "PHL": "Philippines",
      "POL": "Poland",
      "PRT": "Portugal",
      "QAT": "Qatar",
      "ROU": "Romania",
      "RUS": "Russia",
      "RWA": "Rwanda",
      "KNA": "Saint Kitts and Nevis",
      "LCA": "Saint Lucia",
      "VCT": "Saint Vincent and the Grenadines",
      "WSM": "Samoa",
      "SMR": "San Marino",
      "STP": "Sao Tome and Principe//São Tomé and Príncipe",
      "SAU": "Saudi Arabia",
      "SEN": "Senegal",
      "SRB": "Serbia",
      "SYC": "Seychelles",
      "SLE": "Sierra Leone",
      "SGP": "Singapore",
      "SVK": "Slovakia",
      "SVN": "Slovenia",
      "SLB": "Solomon Islands",
      "SOM": "Somalia",
      "ZAF": "South Africa",
      "KOR": "South Korea",
      "SSD": "South Sudan",
      "ESP": "Spain",
      "LKA": "Sri Lanka",
      "SDN": "Sudan",
      "SUR": "Suriname",
      "SWE": "Sweden",
      "CHE": "Switzerland",
      "SYR": "Syria",
      "TWN": "Taiwan",
      "TJK": "Tajikistan",
      "TZA": "Tanzania",
      "THA": "Thailand",
      "TGO": "Togo",
      "TON": "Tonga",
      "QTR": "Transnistria",
      "TTO": "Trinidad and Tobago",
      "TUN": "Tunisia",
      "TUR": "Turkey",
      "TKM": "Turkmenistan",
      "TUV": "Tuvalu",
      "UGA": "Uganda",
      "UKR": "Ukraine",
      "ARE": "United Arab Emirates",
      "GBR": "United Kingdom",
      "USA": "United States//United States of America//USA",
      "URY": "Uruguay",
      "UZB": "Uzbekistan",
      "VUT": "Vanuatu",
      "VAT": "Vatican//Vatican City//Holy See",
      "VEN": "Venezuela",
      "VNM": "Vietnam//Viet Nam",
      "ESH": "Western Sahara",
      "YEM": "Yemen",
      "ZMB": "Zambia",
      "ZWE": "Zimbabwe"
    }
  }
}
